-- Roles
insert into role(id, name) values (1,'ADMIN');
insert into role(id, name) values (2,'USER');
insert into role(id, name) values (3,'GUEST');

-- Usuarios
insert into users(id, name, login, password, fk_role_id) values (1,'Administrador','admin','adminsecret123', 1);

-- Permisos
-- insert into user_role(user_id, role_id) values (1,2);

-- Etapas
insert into stage(id, name, minimum_days, maximum_days, next_stage) values (6, 'Implementar y Medir', 235, 160, null);
insert into stage(id, name, minimum_days, maximum_days, next_stage) values (5, 'Comunicar', 15, 30, 6);
insert into stage(id, name, minimum_days, maximum_days, next_stage) values (4, 'Definir Visión y delinear la Estrategia', 30, 30, 5);
insert into stage(id, name, minimum_days, maximum_days, next_stage) values (3, 'Mapear las partes interesadas', 35, 65, 4);
insert into stage(id, name, minimum_days, maximum_days, next_stage) values (2, 'Identificar los problemas y sus causas', 60, 75, 3);
insert into stage(id, name, minimum_days, maximum_days, next_stage) values (1, 'Documentar: recopilar información y entender el entorno', 45, 60, 2);

-- Tactic Scores
insert into tactic_score(id, perfect, high, medium, low, negative, feedback_optimum, feedback_non_optimum) values (1,3,2,2,2,0,'¡Bien Hecho!','En los procesos de cambio, es importante tomar las decisiones correctas, en el momento y orden correctos para maximizar su impacto.');
insert into tactic_score(id, perfect, high, medium, low, negative, feedback_optimum, feedback_non_optimum) values (2,3,2,2,2,0,'¡Bien Hecho!','En los procesos de cambio, es importante tomar las decisiones correctas, en el momento y orden correctos para maximizar su impacto.');
insert into tactic_score(id, perfect, high, medium, low, negative, feedback_optimum, feedback_non_optimum) values (3,3,2,2,2,0,'¡Bien Hecho!','En los procesos de cambio, es importante tomar las decisiones correctas, en el momento y orden correctos para maximizar su impacto.');
insert into tactic_score(id, perfect, high, medium, low, negative, feedback_optimum, feedback_non_optimum) values (4,3,2,2,2,0,'¡Bien Hecho!','En los procesos de cambio, es importante tomar las decisiones correctas, en el momento y orden correctos para maximizar su impacto.');
insert into tactic_score(id, perfect, high, medium, low, negative, feedback_optimum, feedback_non_optimum) values (5,3,2,2,2,0,'¡Bien Hecho!','En los procesos de cambio, es importante tomar las decisiones correctas, en el momento y orden correctos para maximizar su impacto.');
insert into tactic_score(id, perfect, high, medium, low, negative, feedback_optimum, feedback_non_optimum) values (6,3,2,2,2,0,'¡Bien Hecho!','En los procesos de cambio, es importante tomar las decisiones correctas, en el momento y orden correctos para maximizar su impacto.');
insert into tactic_score(id, perfect, high, medium, low, negative, feedback_optimum, feedback_non_optimum) values (7,3,2,2,2,0,'¡Bien Hecho!','En los procesos de cambio, es importante tomar las decisiones correctas, en el momento y orden correctos para maximizar su impacto.');
insert into tactic_score(id, perfect, high, medium, low, negative, feedback_optimum, feedback_non_optimum) values (8,5,4,3,2,-1,'¡Bien Hecho! El entorno está cambiando, los competidores son diferentes, los clientes tienen nuevas preferencias y nos estamos quedando atrás',' El entorno está cambiando, los competidores son diferentes, los clientes tienen nuevas preferencias y nos estamos quedando atrás. En los procesos de cambio, es importante tomar las decisiones correctas, en el momento y orden correctos para maximizar su impacto.');
insert into tactic_score(id, perfect, high, medium, low, negative, feedback_optimum, feedback_non_optimum) values (9,5,4,3,2,-1,'¡Bien Hecho! El fixed minset de los gerentes y directores limita la capacidad de la empresa para responder con agilidad ante los cambios en el entorno','El fixed minset de los gerentes y directores limita la capacidad de la empresa para responder con agilidad ante los cambios en el entorno. En los procesos de cambio, es importante tomar las decisiones correctas, en el momento y orden correctos para maximizar su impacto.');
insert into tactic_score(id, perfect, high, medium, low, negative, feedback_optimum, feedback_non_optimum) values (10,0,0,0,0,0,'¡Bien Hecho!','En los procesos de cambio, es importante tomar las decisiones correctas, en el momento y orden correctos para maximizar su impacto.');
insert into tactic_score(id, perfect, high, medium, low, negative, feedback_optimum, feedback_non_optimum) values (11,6,4,3,2,-1,'¡Bien Hecho!','En los procesos de cambio, es importante tomar las decisiones correctas, en el momento y orden correctos para maximizar su impacto.');
insert into tactic_score(id, perfect, high, medium, low, negative, feedback_optimum, feedback_non_optimum) values (12,6,4,3,2,-1,'¡Bien Hecho!','En los procesos de cambio, es importante tomar las decisiones correctas, en el momento y orden correctos para maximizar su impacto.');
insert into tactic_score(id, perfect, high, medium, low, negative, feedback_optimum, feedback_non_optimum) values (13,6,4,3,2,-1,'¡Bien Hecho!','En los procesos de cambio, es importante tomar las decisiones correctas, en el momento y orden correctos para maximizar su impacto.');
insert into tactic_score(id, perfect, high, medium, low, negative, feedback_optimum, feedback_non_optimum) values (14,6,4,3,2,-1,'¡Bien Hecho!','En los procesos de cambio, es importante tomar las decisiones correctas, en el momento y orden correctos para maximizar su impacto.');
insert into tactic_score(id, perfect, high, medium, low, negative, feedback_optimum, feedback_non_optimum) values (15,6,4,3,2,-1,'¡Bien Hecho!','En los procesos de cambio, es importante tomar las decisiones correctas, en el momento y orden correctos para maximizar su impacto.');
insert into tactic_score(id, perfect, high, medium, low, negative, feedback_optimum, feedback_non_optimum) values (16,6,4,3,2,-1,'¡Bien Hecho!','En los procesos de cambio, es importante tomar las decisiones correctas, en el momento y orden correctos para maximizar su impacto.');
insert into tactic_score(id, perfect, high, medium, low, negative, feedback_optimum, feedback_non_optimum) values (17,6,4,3,2,-1,'¡Bien Hecho!','En los procesos de cambio, es importante tomar las decisiones correctas, en el momento y orden correctos para maximizar su impacto.');
insert into tactic_score(id, perfect, high, medium, low, negative, feedback_optimum, feedback_non_optimum) values (18,6,4,3,2,-1,'¡Bien Hecho!','En los procesos de cambio, es importante tomar las decisiones correctas, en el momento y orden correctos para maximizar su impacto.');
insert into tactic_score(id, perfect, high, medium, low, negative, feedback_optimum, feedback_non_optimum) values (19,6,4,3,2,-1,'¡Bien Hecho!','En los procesos de cambio, es importante tomar las decisiones correctas, en el momento y orden correctos para maximizar su impacto.');
insert into tactic_score(id, perfect, high, medium, low, negative, feedback_optimum, feedback_non_optimum) values (20,6,4,3,2,-1,'¡Bien Hecho!','En los procesos de cambio, es importante tomar las decisiones correctas, en el momento y orden correctos para maximizar su impacto.');
insert into tactic_score(id, perfect, high, medium, low, negative, feedback_optimum, feedback_non_optimum) values (21,6,4,3,2,-1,'¡Bien Hecho!','En los procesos de cambio, es importante tomar las decisiones correctas, en el momento y orden correctos para maximizar su impacto.');
insert into tactic_score(id, perfect, high, medium, low, negative, feedback_optimum, feedback_non_optimum) values (22,6,4,3,2,-1,'¡Bien Hecho!','En los procesos de cambio, es importante tomar las decisiones correctas, en el momento y orden correctos para maximizar su impacto.');
insert into tactic_score(id, perfect, high, medium, low, negative, feedback_optimum, feedback_non_optimum) values (23,6,4,3,2,-1,'¡Bien Hecho!','En los procesos de cambio, es importante tomar las decisiones correctas, en el momento y orden correctos para maximizar su impacto.');
insert into tactic_score(id, perfect, high, medium, low, negative, feedback_optimum, feedback_non_optimum) values (24,6,4,3,2,-1,'¡Bien Hecho!','En los procesos de cambio, es importante tomar las decisiones correctas, en el momento y orden correctos para maximizar su impacto.');
insert into tactic_score(id, perfect, high, medium, low, negative, feedback_optimum, feedback_non_optimum) values (25,6,4,3,2,-1,'¡Bien Hecho!','En los procesos de cambio, es importante tomar las decisiones correctas, en el momento y orden correctos para maximizar su impacto.');
insert into tactic_score(id, perfect, high, medium, low, negative, feedback_optimum, feedback_non_optimum) values (26,6,4,3,2,-1,'¡Bien Hecho!','En los procesos de cambio, es importante tomar las decisiones correctas, en el momento y orden correctos para maximizar su impacto.');
insert into tactic_score(id, perfect, high, medium, low, negative, feedback_optimum, feedback_non_optimum) values (27,6,4,3,2,-1,'¡Bien Hecho!','En los procesos de cambio, es importante tomar las decisiones correctas, en el momento y orden correctos para maximizar su impacto.');
insert into tactic_score(id, perfect, high, medium, low, negative, feedback_optimum, feedback_non_optimum) values (28,6,4,3,2,-1,'¡Bien Hecho!','En los procesos de cambio, es importante tomar las decisiones correctas, en el momento y orden correctos para maximizar su impacto.');
insert into tactic_score(id, perfect, high, medium, low, negative, feedback_optimum, feedback_non_optimum) values (29,6,4,3,2,-1,'¡Bien Hecho!','En los procesos de cambio, es importante tomar las decisiones correctas, en el momento y orden correctos para maximizar su impacto.');
insert into tactic_score(id, perfect, high, medium, low, negative, feedback_optimum, feedback_non_optimum) values (101,0,0,0,0,-4,'La comunicación es un tema que puede mejorar, pero no es el problema más crítico de la empresa.','La comunicación es un tema que puede mejorar, pero no es el problema más crítico de la empresa.En los procesos de cambio, es importante tomar las decisiones correctas, en el momento y orden correctos para maximizar su impacto.');
insert into tactic_score(id, perfect, high, medium, low, negative, feedback_optimum, feedback_non_optimum) values (102,0,0,0,0,-4,'Es importante actualizar los sistemas de información pero el estado de estos sistemas es resultado de un problema más amplio.','Es importante actualizar los sistemas de información pero el estado de estos sistemas es resultado de un problema más amplio.. En los procesos de cambio, es importante tomar las decisiones correctas, en el momento y orden correctos para maximizar su impacto.');
insert into tactic_score(id, perfect, high, medium, low, negative, feedback_optimum, feedback_non_optimum) values (201,0,0,0,0,-4,'-','Cuando la empresa se encuentra en medio de un proceso de cambio, abrir un buzón de sugerencias puede enviar mensajes contradictorios. Puede ser interpretado como una señal de que el equipo de cambio no tiene un análisis completo ni una visión clara.');
insert into tactic_score(id, perfect, high, medium, low, negative, feedback_optimum, feedback_non_optimum) values (202,0,0,0,0,-4,'-','La decisión de entrenar a los empleados para ser exitosos en un modelo de negocio que va en declive puede perpetuar los problemas de la institución.');
insert into tactic_score(id, perfect, high, medium, low, negative, feedback_optimum, feedback_non_optimum) values (203,0,0,0,0,-4,'-','El problema va más allá de un asunto de imagen. Está relacionado a la capacidad de respuesta de la empresa a los cambios en el entorno.');
insert into tactic_score(id, perfect, high, medium, low, negative, feedback_optimum, feedback_non_optimum) values (204,0,0,0,0,-4,'-','La disminución en el tráfico de clientes en las tiendas es el sintóma del verdadero problema de la institución.');
insert into tactic_score(id, perfect, high, medium, low, negative, feedback_optimum, feedback_non_optimum) values (205,0,0,0,0,-4,'-','Medir el desempeño de los empleados antes de definir la visión puede producir una clasificación de los empleados utilizando criterios érroneos.');
insert into tactic_score(id, perfect, high, medium, low, negative, feedback_optimum, feedback_non_optimum) values (206,0,0,0,0,-4,'-','El propósito de mapear el talento es identificar quienes están a favor, neutros o en contra del cambio. Este mapeo no implica despido automático de aquellas personas que están en contra. Pregunta para discutir en grupo: ¿Qué otras estrategias son útiles con las personas que se oponen al cambio?');
insert into tactic_score(id, perfect, high, medium, low, negative, feedback_optimum, feedback_non_optimum) values (207,0,0,0,0,-4,'-','El caso muestra que es necesario un cambio en la visión y estrategia de la empresa. Reforzar la estrategia de ventas actual representa una inversión de recursos en un modelo que no está funcionando.');
insert into tactic_score(id, perfect, high, medium, low, negative, feedback_optimum, feedback_non_optimum) values (208,0,0,0,0,-4,'-','En los procesos de cambio, es necesario generar sentido de urgencia en la organización. Un mensaje tranquilizador envía señales contradictorias.');
insert into tactic_score(id, perfect, high, medium, low, negative, feedback_optimum, feedback_non_optimum) values (209,0,0,0,0,-4,'-','En los procesos de cambio, es fundamental escoger correctamente el mensaje, el emisor y el canal de comunicación.');
insert into tactic_score(id, perfect, high, medium, low, negative, feedback_optimum, feedback_non_optimum) values (210,0,0,0,0,-4,'-','Esta decisión no atiende al problema principal de la institución. Por lo tanto, en este proceso de cambio, es un factor que distrae la atención y los recursos.');
insert into tactic_score(id, perfect, high, medium, low, negative, feedback_optimum, feedback_non_optimum) values (211,0,0,0,0,-4,'-','Esta decisión va en detrimento de la nueva estrategia. El objetivo no debe ser poner trabas al avance de nuevas y mejores experiencas para los clientes sino adaptarse.');
insert into tactic_score(id, perfect, high, medium, low, negative, feedback_optimum, feedback_non_optimum) values (212,0,0,0,0,-4,'-','La integración vertical hacia adelante solo tiene sentido cuando existen ventajas competitivas que demuestren que es posible hacer el trabajo más eficientemente que las empresas que están actualmente en ese rubro. Pregunta para discutir en grupo: cuáles otras alternativas existen a la integración vertical?');
insert into tactic_score(id, perfect, high, medium, low, negative, feedback_optimum, feedback_non_optimum) values (213,0,0,0,0,-4,'-','Esta es una de las decisiones que iría en detrimento de la nueva estrategia. El objetivo no debe ser poner trabas al avance, sino adaptarse.');
insert into tactic_score(id, perfect, high, medium, low, negative, feedback_optimum, feedback_non_optimum) values (214,0,0,0,0,-4,'-','Pregunta para discutir en grupo: ¿Cuáles son las ventajas y desventajas de contratar a una firma consultora para dirigir el proceso de cambio?');
insert into tactic_score(id, perfect, high, medium, low, negative, feedback_optimum, feedback_non_optimum) values (215,0,0,0,0,-4,'-','Esta decisión no atiende al problema principal de la institución. Por lo tanto, en este proceso de cambio, es un factor que distrae la atención, los recursos y crear una percepción negativa sobre el cambio.');
insert into tactic_score(id, perfect, high, medium, low, negative, feedback_optimum, feedback_non_optimum) values (216,0,0,0,0,-4,'-','Esta decisión no atiende al problema principal de la institución. Por lo tanto, en este proceso de cambio, es un factor que distrae la atención y los recursos. El análisis del caso muestra que las tendencias de los consumidores son comunes en toda la región.');
insert into tactic_score(id, perfect, high, medium, low, negative, feedback_optimum, feedback_non_optimum) values (217,0,0,0,0,-4,'-','Esta decisión va en detrimento de la nueva estrategia. El modelo de negocios actual ha probado no ser compatible con las necesidades actuales de los consumidores.');
insert into tactic_score(id, perfect, high, medium, low, negative, feedback_optimum, feedback_non_optimum) values (218,0,0,0,0,-4,'-','Esta decisión no atiende al problema principal de la institución. Por lo tanto, en este proceso de cambio, es un factor que distrae la atención y los recursos.');
insert into tactic_score(id, perfect, high, medium, low, negative, feedback_optimum, feedback_non_optimum) values (219,0,0,0,0,-4,'-','Esta decisión no atiende al problema principal de la institución. Por lo tanto, en este proceso de cambio, es un factor que distrae la atención y los recursos.');
insert into tactic_score(id, perfect, high, medium, low, negative, feedback_optimum, feedback_non_optimum) values (220,0,0,0,0,-4,'-','Esta decisión no atiende al problema principal de la institución. Por lo tanto, en este proceso de cambio, es un factor que distrae la atención y los recursos.');
insert into tactic_score(id, perfect, high, medium, low, negative, feedback_optimum, feedback_non_optimum) values (221,0,0,0,0,-4,'-','Esta decisión no atiende al problema principal de la institución. Por lo tanto, en este proceso de cambio, es un factor que distrae la atención y los recursos.');
insert into tactic_score(id, perfect, high, medium, low, negative, feedback_optimum, feedback_non_optimum) values (222,0,0,0,0,-4,'-','Esta decisión va en detrimento de la nueva estrategia. El modelo de negocios actual ha probado no ser compatible con las necesidades actuales de los consumidores.');
insert into tactic_score(id, perfect, high, medium, low, negative, feedback_optimum, feedback_non_optimum) values (223,0,0,0,0,-4,'-','Esta decisión va en detrimento de la nueva estrategia. La mentalidad actual en la organización debe ser adaptada para ser compatible con las necesidades actuales de los consumidores.');


-- Tacticas
insert into tactic(id, ideal_position, fk_tactic_score_id, fk_stage_id, name, description, classification, days, price) values(1,1,1,1,'Análisis de datos financieros y de mercado','El equipo de dirección realiza análisis financieros y de mercados.','MANDATORY',10,20000);
insert into tactic(id, ideal_position, fk_tactic_score_id, fk_stage_id, name, description, classification, days, price) values(2,1,2,1,'Entrevistas con clientes','Realizar focus groups con clientes de la empresa y determinar cuáles son sus necesidades y preferencias.','MANDATORY',10,30000);
insert into tactic(id, ideal_position, fk_tactic_score_id, fk_stage_id, name, description, classification, days, price) values(3,1,3,1,'Entrevistas con no-clientes','Realizar focus groups con personas que no son clientes actuales de la empresa.','MANDATORY',5,15000);
insert into tactic(id, ideal_position, fk_tactic_score_id, fk_stage_id, name, description, classification, days, price) values(4,1,4,1,'Entender los cambios en el entorno y los mercados','Identificar cambios en el entorno y en los gustos y patrones de consumo de las nuevas generaciones','MANDATORY',5,10000);
insert into tactic(id, ideal_position, fk_tactic_score_id, fk_stage_id, name, description, classification, days, price) values(5,1,5,1,'Entrevistas con empleados','Entrevistar a los empleados para identificar cuáles son los retos estratégicos de la empresa.','MANDATORY',10,15000);
insert into tactic(id, ideal_position, fk_tactic_score_id, fk_stage_id, name, description, classification, days, price) values(6,1,6,1,'Entrevista con la junta directiva','Realizar entrevistas con miembros de la junta directiva para determinar los retos de la organización.','MANDATORY',5,15000);
insert into tactic(id, ideal_position, fk_tactic_score_id, fk_stage_id, name, description, classification, days, price) values(7,1,7,1,'Contratar un Estudio de Benchmarking','Realizar un benchmark con las empresas del sector que permita identificar las innovaciones tecnológicas y nuevos modelos de negocios. ','MANDATORY',5,3000);
insert into tactic(id, ideal_position, fk_tactic_score_id, fk_stage_id, name, description, classification, days, price) values(8,8,8,2,'Identificar la causa de los problemas: Modelo de Negocios','La causa de los problemas es la obsolescencia del modelo de negocio actual considerando las disrupciones causadas por las tecnologías digitales  y los cambios demográficos.','MANDATORY',10,20000);
insert into tactic(id, ideal_position, fk_tactic_score_id, fk_stage_id, name, description, classification, days, price) values(9,8,9,2,'Identificar la causa de los problemas: Modelo Mental','La causa de los problemas es la cultura prevaleciente caracterizada por un modelo mental fijo y la defensa del status quo.','MANDATORY',10,20000);
insert into tactic(id, ideal_position, fk_tactic_score_id, fk_stage_id, name, description, classification, days, price) values(101,10,101,2,'Identificar la causa de los problemas: Organización en silos','La causa de los problemas es la organización en silos y la inexistencia de equipos multifuncionales.','OPTIONAL',10,20000);
insert into tactic(id, ideal_position, fk_tactic_score_id, fk_stage_id, name, description, classification, days, price) values(102,10,102,2,'Identificar la causa de los problemas: Sistemas de Información','La causa de los problemas es la falta de sistemas de información integrados sobre los procesos y clientes.','OPTIONAL',10,20000);
insert into tactic(id, ideal_position, fk_tactic_score_id, fk_stage_id, name, description, classification, days, price) values(10,10,10,3,'Mapear a los empleados','Identificar quienes están a favor, indiferentes (neutros) y en contra del cambio.','MANDATORY',5,10000);
insert into tactic(id, ideal_position, fk_tactic_score_id, fk_stage_id, name, description, classification, days, price) values(11,11,11,3,'Competencias Internas','Analizar las competencias de los empleados para afrontar el cambio.','MANDATORY',5,3000);
insert into tactic(id, ideal_position, fk_tactic_score_id, fk_stage_id, name, description, classification, days, price) values(12,12,12,3,'Equipo del proyecto de transformación y cambio','Seleccionar al líder de cambio y su equipo.','MANDATORY',5,5000);
insert into tactic(id, ideal_position, fk_tactic_score_id, fk_stage_id, name, description, classification, days, price) values(13,13,13,4,'Definir la visión ','Definir la nueva visión para Casa Augusta.','MANDATORY',10,30000);
insert into tactic(id, ideal_position, fk_tactic_score_id, fk_stage_id, name, description, classification, days, price) values(14,14,14,4,'Delineación de Estrategia','Delinear la estrategia requerida para alcanzar la nueva visión.','MANDATORY',5,10000);
insert into tactic(id, ideal_position, fk_tactic_score_id, fk_stage_id, name, description, classification, days, price) values(15,15,15,4,'Definir Objetivos Estratégicos ','Redefinir los objetivos estratégicos de Casa Augusta en el nuevo entorno.','MANDATORY',10,15000);
insert into tactic(id, ideal_position, fk_tactic_score_id, fk_stage_id, name, description, classification, days, price) values(16,16,16,4,'Definir Objetivos Operativos','Redefinir los objetivos operativos de Casa Augusta en el nuevo entorno.','MANDATORY',10,30000);
insert into tactic(id, ideal_position, fk_tactic_score_id, fk_stage_id, name, description, classification, days, price) values(17,17,17,4,'Definición de Indicadores','Definir los indicadores operativos para medir los avances durante la implementación de la nueva estrategia.','MANDATORY',5,5000);
insert into tactic(id, ideal_position, fk_tactic_score_id, fk_stage_id, name, description, classification, days, price) values(18,18,18,5,'Concientización y sentido de urgencia','El presidente convoca a una reunión general para explicar en persona a todos los empleados los riesgos que afronta la empresa en el nuevo entorno y la necesidad imperante de transformación.','MANDATORY',10,5000);
insert into tactic(id, ideal_position, fk_tactic_score_id, fk_stage_id, name, description, classification, days, price) values(19,19,19,5,'Presentar la visión y estrategia','En la reunión general, el líder y su equipo de cambio  presentan la nueva visión y la estrategia para alcanzarla.','MANDATORY',5,5000);
insert into tactic(id, ideal_position, fk_tactic_score_id, fk_stage_id, name, description, classification, days, price) values(20,20,20,5,'Acordar Objetivos y Planes de Acción Específicos','Organizar talleres con los equipos funcionales para acordar los objetivos y planes de acción específicos para alcanzarlos.','MANDATORY',10,10000);
insert into tactic(id, ideal_position, fk_tactic_score_id, fk_stage_id, name, description, classification, days, price) values(21,21,21,6,'Diseño de la experiencia','Hacer talleres con los equipos de todas las areas funcionales para diseñar la propuesta de valor y la  experiencia que esperan las nuevas generaciones de clientes e identificar el conjunto de acciones para llevarla exitosamente al mercado. ','MANDATORY',20,100000);
insert into tactic(id, ideal_position, fk_tactic_score_id, fk_stage_id, name, description, classification, days, price) values(22,22,22,6,'Habilitar múltiples canales de ventas','Crear canales de ventas para los distintos tipos de clientes.','MANDATORY',15,100000);
insert into tactic(id, ideal_position, fk_tactic_score_id, fk_stage_id, name, description, classification, days, price) values(23,22,23,6,'Sistema de CRM','Introducir un nuevo sistema de CRM como soporte a la estrategia multicanal','MANDATORY',25,100000);
insert into tactic(id, ideal_position, fk_tactic_score_id, fk_stage_id, name, description, classification, days, price) values(24,22,24,6,'Incrementar presencia en Redes','Desarrollar canales digitales de comunicación en redes sociales: Facebook, Instagram, etc.','MANDATORY',15,15000);
insert into tactic(id, ideal_position, fk_tactic_score_id, fk_stage_id, name, description, classification, days, price) values(25,22,25,6,'Web Mobile Friendly','Adaptar la página web para ser visualizada desde dispositivos móviles.','MANDATORY',10,25000);
insert into tactic(id, ideal_position, fk_tactic_score_id, fk_stage_id, name, description, classification, days, price) values(26,22,26,6,'Desarrollar un "carrito de compra"','Desarrollar una herramienta de pagos online.','MANDATORY',15,50000);
insert into tactic(id, ideal_position, fk_tactic_score_id, fk_stage_id, name, description, classification, days, price) values(27,22,27,6,'Alianzas Estratégicas','Negociar acuerdos con compañías de logística y distribución.','MANDATORY',15,15000);
insert into tactic(id, ideal_position, fk_tactic_score_id, fk_stage_id, name, description, classification, days, price) values(28,22,28,6,'Incrementar Engagement','Contratar un encargado de gestionar la presencia en redes sociales. Promover el engagement en redes sociales a través de concursos y campañas digitales.','MANDATORY',10,20000);
insert into tactic(id, ideal_position, fk_tactic_score_id, fk_stage_id, name, description, classification, days, price) values(29,29,29,6,'Supervisión de Indicadores','Supervisar el desempeño en los indicadores operativos seleccionados para medir el éxito.','MANDATORY',5,10000);
insert into tactic(id, ideal_position, fk_tactic_score_id, fk_stage_id, name, description, classification, days, price) values(201,1,201,1,'Buzón de sugerencias','Abrir un buzón de sugerencias para que los empleados indiquen qué desean mejorar en la empresa.','NEGATIVE',5,500);
insert into tactic(id, ideal_position, fk_tactic_score_id, fk_stage_id, name, description, classification, days, price) values(202,0,202,2,'Identificar la causa de los problemas: Empleados','La causa de los problemas es que los empleados no están capacitados para alcanzar mejores resultados en el modelo de negocio actual.','NEGATIVE',10,20000);
insert into tactic(id, ideal_position, fk_tactic_score_id, fk_stage_id, name, description, classification, days, price) values(203,0,203,2,'Identificar la causa de los problemas: Imagen de las tiendas','La causa de los problemas es que la imagen de las tiendas no está adaptada a las preferencias de las nuevas generaciones de clientes','NEGATIVE',10,20000);
insert into tactic(id, ideal_position, fk_tactic_score_id, fk_stage_id, name, description, classification, days, price) values(204,0,204,2,'Identificar la causa de los problemas:Clientes en las tiendas','La causa de los problemas es que no hay suficiente tráfico de clientes en las tiendas.','NEGATIVE',10,20000);
insert into tactic(id, ideal_position, fk_tactic_score_id, fk_stage_id, name, description, classification, days, price) values(205,0,205,3,'Evaluación de desempeño','Analizar el desempeño individual de cada empleado para tomar acciones correctivas.','NEGATIVE',15,10000);
insert into tactic(id, ideal_position, fk_tactic_score_id, fk_stage_id, name, description, classification, days, price) values(206,0,206,3,'Identificar y despedir detractores del cambio','Despedir a las personas que están en contra del cambio.','NEGATIVE',15,25000);
insert into tactic(id, ideal_position, fk_tactic_score_id, fk_stage_id, name, description, classification, days, price) values(207,0,207,4,'Reforzar estrategia de ventas','Definir la estrategia de formación de los empleados para aumentar las ventas en las tiendas.','NEGATIVE',15,10000);
insert into tactic(id, ideal_position, fk_tactic_score_id, fk_stage_id, name, description, classification, days, price) values(208,0,208,5,'Mensaje tranquilizador','El Presidente envia a todos los empleados  un video con un mensaje tranquilizador.','NEGATIVE',5,500);
insert into tactic(id, ideal_position, fk_tactic_score_id, fk_stage_id, name, description, classification, days, price) values(209,0,209,5,'Video explicativo de la dirección estratégica','Desarrollar un video donde se explique la nueva visión y dirección estratégica y pasarlo en las pantallas de los espacios de esparcimiento de los empleados.','NEGATIVE',5,15000);
insert into tactic(id, ideal_position, fk_tactic_score_id, fk_stage_id, name, description, classification, days, price) values(210,0,210,6,'Cambiar la marca y el nombre','Hacer un cambio del nombre de las tiendas y modernizar la marca.','NEGATIVE',20,50000);
insert into tactic(id, ideal_position, fk_tactic_score_id, fk_stage_id, name, description, classification, days, price) values(211,0,211,6,'Campaña publicitaria','Realizar una campaña publicitaria para alertar a los consumidores sobre las inseguridades del comercio electrónico y los incumplimientos en las entregas.','NEGATIVE',20,50000);
insert into tactic(id, ideal_position, fk_tactic_score_id, fk_stage_id, name, description, classification, days, price) values(212,0,212,6,'Comprar una compañía de transporte','Diversificar las operaciones comprando una compañía de transporte de mercancía.','NEGATIVE',25,150000);
insert into tactic(id, ideal_position, fk_tactic_score_id, fk_stage_id, name, description, classification, days, price) values(213,0,213,6,'Contratar a un ¨lobbysta¨','Contratar a un cabildero profesional que convenza a los legisladores sobre las inseguridades del comercio en línea para que creen  legislaciones para proteger a los consumidores.','NEGATIVE',50,50000);
insert into tactic(id, ideal_position, fk_tactic_score_id, fk_stage_id, name, description, classification, days, price) values(214,0,214,6,'Contratar una firma de consultoría','Contratar a una firma de consultoría para que determine el plan de acción y dirija el proceso de cambio.','NEGATIVE',20,100000);
insert into tactic(id, ideal_position, fk_tactic_score_id, fk_stage_id, name, description, classification, days, price) values(215,0,215,6,'Despedir al 50% de los vendedores de las tiendas','Despedir a los vendedores de las tiendas con menor productividad.','NEGATIVE',10,100000);
insert into tactic(id, ideal_position, fk_tactic_score_id, fk_stage_id, name, description, classification, days, price) values(216,0,216,6,'Expansión a otros mercados','Abrir una nueva tienda en otro país de la región para diversificar el riesgo.','NEGATIVE',150,200000);
insert into tactic(id, ideal_position, fk_tactic_score_id, fk_stage_id, name, description, classification, days, price) values(217,0,217,6,'Fortalecer el modelo de negocios actual introduciendo una nueva línea de productos','Introducir nuevas líneas de productos en las tiendas que estén más alineadas con las preferencias de los nuevos consumidores.','NEGATIVE',20,100000);
insert into tactic(id, ideal_position, fk_tactic_score_id, fk_stage_id, name, description, classification, days, price) values(218,0,218,6,'Jubilaciones anticipadas ','Implementar un plan de jubilación anticipada para reducir los costos.','NEGATIVE',10,50000);
insert into tactic(id, ideal_position, fk_tactic_score_id, fk_stage_id, name, description, classification, days, price) values(219,0,219,6,'Nuevas contrataciones','Contratar nuevos dependientes con mejores calificaciones.','NEGATIVE',15,55000);
insert into tactic(id, ideal_position, fk_tactic_score_id, fk_stage_id, name, description, classification, days, price) values(220,0,220,6,'Ofrecer políticas de trabajo más flexibles.','Cambiar a un modelo de medición de desempeño 100% basado en el cumplimiento de los objetivos y la flexibilización de  los horarios de trabajo.','NEGATIVE',10,10000);
insert into tactic(id, ideal_position, fk_tactic_score_id, fk_stage_id, name, description, classification, days, price) values(221,0,221,6,'Repartir dividendos','Repartir dividendos para enviar una señal al mercado de estabilidad y confianza en la estrategia.','NEGATIVE',5,60000);
insert into tactic(id, ideal_position, fk_tactic_score_id, fk_stage_id, name, description, classification, days, price) values(222,0,222,6,'Sistema de Gestión de Clientes','Introducir un nuevo sistema de CRM que ofrezca más y mejor información sobre los clientes para repotenciar el modelo actual de negocios.','NEGATIVE',50,250000);
insert into tactic(id, ideal_position, fk_tactic_score_id, fk_stage_id, name, description, classification, days, price) values(223,0,223,6,'Entrenar al personal en servicio al cliente.','Entrenar a cada empleado sobre cómo convertirse en aliado de los clientes y así poder transmitir la mentalidad actual del equipo de dirección a todos los niveles de la organización.','NEGATIVE',15,50000);

-- Departamentos
insert into department_info(id, name) values (1, 'Presidencia');
insert into department_info(id, name) values (2, 'Estrategia y Business Operations');
insert into department_info(id, name) values (3, 'Compras');
insert into department_info(id, name) values (4, 'Recursos Humanos');
insert into department_info(id, name) values (5, 'Ventas');
insert into department_info(id, name) values (6, 'Marketing');
insert into department_info(id, name) values (7, 'Finanzas');
insert into department_info(id, name) values (8, 'Operaciones');


-- Presidencia
insert into employee_info(id, name, profile_picture, job_title,hierarchical_level, initial_commitment_level, proposed_solution, scenario_diagnosis, background, fk_department_info_id) VALUES (1, 'Gustavo Minor', 'employee1.png', 'Presidente', 0, 7, 'Centralizar las operaciones de logística, compras y ventas bajo la Dirección de Operaciones para optimizar los recursos y aprovechar sinergias a lo largo de la cadena de valor (La estructura actual se muestra en el Anexo 3 y la propuesta de centralización en el Anexo 4).', 'Los equipos funcionales tienen amplia experiencia y excelentes competencias de gestión, pero no se comunican continuamente entre ellos. Es necesario reorganizarlos y coordinarlos para poder evitar redundancias y alinearlos a los competidores de precios bajos. Creo que hay disposición para realizar los cambios necesarios.', 'Mi formación académica incluye una licenciatura en Economía de una universidad en mi país y un Master en Ciencias de Gestión del MIT. He trabajado en la industria del retail durante 30 años, adquiriendo experiencia en la empresa de mi familia. Actualmente, tengo 10 años como Presidente de la empresa.', 1);

-- EBO
insert into employee_info(id, name, profile_picture, job_title,hierarchical_level, initial_commitment_level, proposed_solution, scenario_diagnosis, background, fk_department_info_id) VALUES (2, 'Karla Ortiz', 'employee2.png', 'Directora de Estrategia y Business Operations', 1, 6, 'Necesitamos más recursos para obtener más insights del mercado y proponer mejoras en las operaciones de la empresa. Con una mayor inversión en tecnología para el análisis de datos, podremos conocer mejor a nuestros clientes y adaptarnos a sus necesidades. Estos cambios deberían impulsar las ventas.', 'No conocemos a nuestros clientes lo suficiente. Para adaptar nuestros productos es esencial invertir saber qué necesitan y cuáles son sus expectativas. Actualmente, no contamos con la tecnología necesaria para hacerlo, ya que el sistema de almacenamiento y explotación de los datos es muy arcaico. Durante los últimos 5 años, las dos mayores novedades hemos introducido son demostraciones de productos en la tienda y una tarjeta de lealtad que permite acumular puntos por cada compra. Sin embargo, no tenemos los recursos para analizar los cambios en necesidades y los patrones de consumo.', 'Profesional con 10 años de experiencia en el diseño de estrategias para la industria del Retail. Obtuve una licenciatura en Finanzas y Negocios Internacionales, y un Master of Science in Business Analytics de la Universidad de Minnesota - Carlson School of Management. Trabajé 8 años en una empresa de retail en Estados Unidos, y llevo 2 años trabajando para Casa Augusta.', 2);
insert into employee_info(id, name, profile_picture, job_title,hierarchical_level, initial_commitment_level, proposed_solution, scenario_diagnosis, background, fk_department_info_id) VALUES (3,'Lucas Silva', 'employee3.png', 'Gerente de Estrategia', 2, 2, 'Creo que es necesario hacer un análisis exhaustivo de las condiciones actuales, las capacidades que tenemos y los cambios que requerimos para adaptarnos a las nuevas tendencias del mercado. Debemos ser proactivos y encontrar maneras de innovar para mantenernos competitivos en el sector.', 'Mi diagnóstico es que estamos ignorando las tendencias de la industria. Nos hemos enfocado en encontrar formas de sostenernos y apalancar el futuro de la empresa manteniendo el mismo modelo de negocio, pero el mercado está cambiando y necesitamos adaptarnos a esas transformaciones para mantenernos competitivos.', 'Soy licenciado en administración de empresas y he trabajado en la empresa durante los últimos 3 años como Gerente de Estrategia. Antes, tuve la oportunidad de trabajar en otras empresas minoristas con presencia global, lo que me permitió adquirir experiencia valiosa en el sector.',2);
insert into employee_info(id, name, profile_picture, job_title,hierarchical_level, initial_commitment_level, proposed_solution, scenario_diagnosis, background, fk_department_info_id) VALUES (4, 'Josué Fernandez', 'employee4.png', 'Gerente de Business Operations', 2, 2, 'La solución es cerrar las tiendas físicas y enfocarnos en expandir nuestra presencia en línea. Creo que esta es una tendencia irreversible en la industria minorista y debemos adaptarnos si queremos sobrevivir y ser  relevantes en el futuro para las nuevas generaciones.', 'Todos los indicadores muestran que la productividad de las tiendas ha ido en declive, y al compararnos con el resto de la industria, nos damos cuenta de que es una tendencia marcada en todo el sector. Creo que no hemos tomado las medidas necesarias para evitar que esta tendencia nos afecte.', 'Llevo trabajando un año en Casa Augusta como Gerente de Business Operations, y mi objetivo principal es entender las claves del negocio para gestionar adecuadamente el desempeño de la empresa.', 2);

-- compras
insert into employee_info(id, name, profile_picture, job_title,hierarchical_level, initial_commitment_level, proposed_solution, scenario_diagnosis, background, fk_department_info_id) VALUES (5, 'Pedro Rodríguez', 'employee5.png', 'Director de Compras', 1, 4, 'Renovar la imagen de las tiendas, incluyendo un diseño contemporáneo y un logo moderno. Ofrecer una gama más amplia de productos en sintonía con los gustos de una demografía más joven. Aunque la empresa tiene un buen desempeño en la adquisición de productos a buenos precios, es necesario adaptarse a las nuevas tendencias de consumo para mantenerse competitivos.', 'La imagen de la tienda no está adaptada a los cambios en el entorno. Las nuevas generaciones buscan más opciones de productos y marcas con una identidad más moderna.', 'Experiencia de 25 años dirigiendo el área de compras en empresas de retail. Tengo una licenciatura en administración de empresas y cursos de postgrado en compras y gestión de la cadena de suministro. Actualmente estoy en proceso de retiro; estimo concluir el proceso en el segundo semestre de este año.', 3);
insert into employee_info(id, name, profile_picture, job_title,hierarchical_level, initial_commitment_level, proposed_solution, scenario_diagnosis, background, fk_department_info_id) VALUES (6,'Ismael Roberts','employee6.png','Gerente de Compras', 2, 2, 'Debemos hacer alianzas directas con los fabricantes de productos y lanzar nuestra propia marca para poder vender a precios competitivos. La iniciativa de lanzar nuestra propia marca es una estrategia a largo plazo que nos permitirá mantener una ventaja competitiva en el mercado. Al tener una marca propia, seremos menos dependientes de los proveedores externos y podremos ofrecer productos de calidad a precios más competitivos. Además, nos permitirá diversificar nuestra oferta de productos y ser más innovadores en la selección de los mismos. Estoy seguro de que con esta estrategia, Casa Augusta podrá consolidarse como líder en el sector del retail en el largo plazo.', 'Cada vez es más difícil encontrar productos de calidad y de las marcas que buscan los clientes. Nuestros proveedores más importantes han adquirido un poder de negociación significativo porque han fortalecido sus marcas y diversificado sus canales de distribución.', 'Soy ingeniero y he trabajado en Casa Augusta durante los últimos 5 años, tres en el equipo de compra, y 2 antes en el área de operaciones. Mis habilidades de negociador me motivaron a cambiar de área.', 3);

-- recursos humanos
insert into employee_info(id, name, profile_picture, job_title,hierarchical_level, initial_commitment_level, proposed_solution, scenario_diagnosis, background, fk_department_info_id) VALUES (7,'Ana Molina', 'employee7.png', 'Directora de Recursos Humanos', 1, 3, 'Para abordar esta problemática, es necesario revisar el perfil de competencias del personal. Con este propósito, es importante trabajar con los líderes de cada departamento para definir las habilidades que necesitan sus equipos, y alinear acorde las contrataciones que se realizan cada mes. Esto permitirá que los vendedores se integren mejor y hagan su trabajo de manera más efectiva.', 'En mi opinión, hay redundancias en las funciones del personal de ventas, lo que provoca una alta rotación en los puestos. Además, esta situación no permite que los vendedores se familiaricen adecuadamente con los productos ni con el estilo de compra de los clientes.', 'Tengo 10 años de experiencia en la empresa y recientemente he sido ascendida a Directora de RRHH. Mi formación académica incluye una licenciatura en derecho y un MBA que completé hace 2 años. Antes de unirme a esta empresa, trabajé en RRHH en empresas pequeñas y medianas.', 4);
insert into employee_info(id, name, profile_picture, job_title,hierarchical_level, initial_commitment_level, proposed_solution, scenario_diagnosis, background, fk_department_info_id) VALUES (8, 'Marcos Senti', 'employee8.png', 'Coordinador de Compensación', 3, 4, 'Debemos convertirnos en un "Best Place to Work". En el análisis que he hecho de las empresas que son calificadas como "Mejor empleador" por sus colaboradores, se encuentra la flexibilidad.', 'Mis propuestas de cambios en la estructura de compensación no se han tomado en cuenta. No solo nuestros clientes están cambiando, también han cambiado los empleados. Tienen necesidades y aspiraciones diferentes. Así como nuestros clientes quieren nuevas experiencias de compra, nuestros empleados buscan experiencias satisfactorias en el trabajo.', 'Estudié antropología pero he trabajado 5 años en gestión de Recursos Humanos. Antes trabajaba para una empresa de tecnología y hace 2 años empecé a trabajar para Casa Augusta.', 4);
insert into employee_info(id, name, profile_picture, job_title,hierarchical_level, initial_commitment_level, proposed_solution, scenario_diagnosis, background, fk_department_info_id) VALUES (9, 'Cristal Estevez', 'employee9.png', 'Gerente de Desarrollo de Talento', 2, 1, 'Asumiendo que la alta rotación es parte del sector, necesitamos un sistema de entrenamiento del personal que les convierta no solo en expertos en ventas, sino también en asesoramiento sobre los productos. Necesitamos ayudarles a entender cuáles son las necesidades de los clientes y cómo orientarlos hacia lo que puede satisfacerlos. De esta manera, mejoraremos la calidad del servicio y aumentaremos la retención de nuestros empleados. Estoy segura de que podemos lograrlo a través de un plan de entrenamiento enfocado en la atención al cliente. También propongo la implementación de un programa de reconocimiento y recompensas para aquellos empleados que se destaquen en la satisfacción del cliente y en la retención de los mismos.', 'Tenemos una alta rotación de personal, especialmente en el área de ventas. Es difícil que aprendan las técnicas de venta y que se familiaricen con nuestro tipo de clientes y sus necesidades. Observé de cerca a diferentes vendedores durante unas semanas para identificar las diferencias entre los exitosos y los que reportan menores ventas. Aquellos que tienen mejores ventas brindan al cliente orientación más allá del producto que le están vendiendo.', 'Obtuve una licenciatura en psicología y una especialización en psicología laboral. Tengo más de 10 años trabajando en gestión del talento. Empecé a trabajar con Casa Augusta hace un año y medio.', 4);
insert into employee_info(id, name, profile_picture, job_title,hierarchical_level, initial_commitment_level, proposed_solution, scenario_diagnosis, background, fk_department_info_id) VALUES (10,'Perla Ampo', 'employee22.png', 'Coordinador de Reclutamiento', 3, 1, 'Necesitamos políticas de gestión del talento que nos permita atraer colaboradores con un mayor nivel profesional. Necesitamos que las personas quieran trabajar aquí y se esfuercen para qué los clientes tengan una experiencia enriquecedora en las tiendas.', 'El modelo tradicional de contratación es buscar personas que aspiren a ganar solo el salario mínimo. En lugar de esto, debemos definir qué tipo de personas necesitamos para obtener los resultados y a partir de ahí determinar cuánto estamos dispuestos a invertir en nuevo talento. Actualmente, el gasto en reclutamiento es elevado por la alta rotación. Con colaboradores mejor calificados, mejor pagados y satisfechos, podemos reducir la rotación y los gastos de reclutamiento.', 'Tengo una licenciatura en derecho y varios programas de actualización en mejores prácticas de reclutamiento. Tengo 1 año trabajando para Casa Augusta como Coordinadora de Reclutamiento.', 4);

--ventas
insert into employee_info(id, name, profile_picture, job_title,hierarchical_level, initial_commitment_level, proposed_solution, scenario_diagnosis, background, fk_department_info_id) VALUES (11, 'Carlos Vargas', 'employee10.png', 'Director de Ventas', 1, 2, 'La solución es incrementar el tráfico de clientes a las tiendas. Se debe aumentar el número de demostraciones de productos nuevos en las tiendas con más dependientes o automatizándolas de algún modo. Esto tendría un impacto significativo en las ventas. Es imperativo hacer cosas nuevas para mantenernos relevantes.', 'Recientemente, se ha lanzado un plan de lealtad para premiar a los clientes frecuentes. Además, se han incorporado demostraciones en las tiendas de los productos nuevos para que los clientes puedan ver en vivo el uso de los mismos. Estos productos muestran un mejor desempeño en ventas que los demás, pero aún representan un porcentaje muy pequeño de las ventas totales.', 'Soy Ingeniero Industrial con 15 años de experiencia en ventas de retail y 8 años en cargos gerenciales. He trabajado en Casa Augusta durante 5 años y mi objetivo siempre ha sido incrementar el engagement de los clientes y mejorar la exposición de los productos.', 5);
insert into employee_info(id, name, profile_picture, job_title,hierarchical_level, initial_commitment_level, proposed_solution, scenario_diagnosis, background, fk_department_info_id) VALUES (12, 'Paul García', 'employee11.png', 'Encargado de Tiendas - País Azul', 3, 2, 'Mi propuesta es llegar a nuevos clientes potenciales y ofrecer productos asequibles y de calidad. Para ello necesitamos ampliar nuestra gama de productos y ofrecer opciones más asequibles, especialmente en el mercado low-cost.', 'Hasta ahora hemos estado atendiendo principalmente al segmento de clase media. Sin embargo, con los cambios económicos, sociales y demográficos, el sector está cambiando y tenemos que adaptarnos. Necesitamos diversificarnos e incursionar en el mercado low-cost para seguir siendo competitivos.', 'Obtuve mi licenciatura en Marketing y Ventas, y he trabajado en la industria minorista por más de 10 años en diferentes posiciones, desde vendedor hasta gerente de tienda. Esto me ha dado una amplia experiencia en la gestión de tiendas minoristas.', 5);
insert into employee_info(id, name, profile_picture, job_title,hierarchical_level, initial_commitment_level, proposed_solution, scenario_diagnosis, background, fk_department_info_id) VALUES (13, 'Carlos Toribio', 'employee12.png', 'Encargado de Tiendas - País Verde', 3, 1, 'Necesitamos vender productos que se adapten al poder adquisitivo de la población. Por esta razón, debemos buscar productos de calidad a precios asequibles que atraigan a nuevos clientes y fidelicen a los existentes.', 'Los precios se han incrementado considerablemente, lo que hace que los clientes opten por comprar en otras tiendas. Como resultado, la rotación del inventario es baja y tenemos que liquidar los productos con grandes descuentos al cambio de temporada.', 'Tengo una licenciatura en Administración de Empresas y una especialización en Marketing de Productos de Consumo Masivo. Antes de trabajar en Casa Augusta, estuve en la industria minorista como propietario de una pequeña tienda de conveniencia durante 5 años, lo que me permitió comprender las necesidades de los clientes y cómo satisfacerlas.', 5);
insert into employee_info(id, name, profile_picture, job_title,hierarchical_level, initial_commitment_level, proposed_solution, scenario_diagnosis, background, fk_department_info_id) VALUES (14,'José Peña', 'employee13.png', 'Encargado de Tiendas - País Blanco', 3, 3, 'Necesitamos crear nuevas experiencias para atraer a los clientes a nuestras tiendas. A tal fin, podemos diseñar eventos especiales como talleres y demostraciones de productos. También deberíamos implementar un programa de lealtad para recompensar a los clientes frecuentes con descuentos y beneficios exclusivos. Creo que estas iniciativas pueden marcar una gran diferencia en la satisfacción de los clientes y en nuestra posición en el mercado.', 'Actualmente, las personas vienen a la tienda para comparar los precios de algún producto con los que ofrecen en otros establecimientos. Competimos directamente en precio con otros minoristas, lo que no es sostenible en el largo plazo.', 'Obtuve mi licenciatura en Marketing y luego realicé una especialización en Gestión de Servicios. Llevo trabajando en la industria minorista más de 15 años, en diferentes posiciones, desde vendedor hasta gerente de tienda, lo que me ha dado una amplia experiencia en la gestión de tiendas minoristas.', 5);

--marketing
insert into employee_info(id, name, profile_picture, job_title,hierarchical_level, initial_commitment_level, proposed_solution, scenario_diagnosis, background, fk_department_info_id) VALUES (15,'Cándido Bolaños', 'employee14.png', 'Director de Marketing', 1, 5, 'Para adaptarnos a los nuevos tiempos es necesario abrir un canal de compras online. Esto nos permitirá llegar a una base de clientes más amplia, especialmente a los Millenials, y ofrecer una experiencia de compra moderna. Además, es importante entrenar al personal de ventas, para mejorar el servicio al cliente. Por último, necesitamos una estrategia de branding más agresiva para destacarnos en un mercado cada vez más competitivo.', 'Varios factores están afectando el rendimiento de la empresa. Uno de ellos es la falta de adaptación a los gustos de las nuevas generaciones. La imagen de las tiendas no es atractiva para los Millenials y esto esta impactando negativamente las ventas. De otra parte, falta entrenamiento en servicio al cliente y técnicas de venta. Además, el presupuesto de marketing se ha reducido y hay una competencia cada vez más fuerte en el mercado.', 'Tengo una licenciatura en Marketing y Ventas y una especialización en Marketing Digital. Llevo 3 años en esta empresa y tengo 7 años de experiencia en el área de Marketing. He trabajado en diferentes proyectos, incluyendo marketing digital, campañas publicitarias y branding.', 6);
insert into employee_info(id, name, profile_picture, job_title,hierarchical_level, initial_commitment_level, proposed_solution, scenario_diagnosis, background, fk_department_info_id) VALUES (16, 'Pablo Heredia', 'employee15.png', 'Gerente de Marketing Digital', 2,1, 'Creo que deberíamos incrementar el engagement en redes sociales ofreciendo premios y haciendo concursos. También considero que es necesario invertir más en este ámbito.', 'No estamos conectando lo suficiente con las nuevas generaciones. Además, las pautas que hemos recibido para la gestión de la comunicación en redes sociales son muy rígidas y no fomentan la comunicación en doble vía.', 'Soy estudiante de marketing y he trabajado en Almacenes durante 6 meses.', 6);

-- finanzas
insert into employee_info(id, name, profile_picture, job_title,hierarchical_level, initial_commitment_level, proposed_solution, scenario_diagnosis, background, fk_department_info_id) VALUES (17, 'Federico Ramos', 'employee16.png', 'Director de Finanzas', 1, 4, 'Debemos disminuir la publicidad tradicional y explorar el marketing digital como una alternativa más efectiva y económica. También debemos trabajar con nuestros proveedores para reducir los tiempos de entrega de los productos y por esta vía, disminuir el tiempo que pasan en inventario. Estas acciones nos permitirán maximizar la eficiencia de los recursos financieros de la empresa.', 'Los clientes no están respondiendo adecuadamente a los esfuerzos actuales de marketing y, en la era digital, es crucial utilizar los recursos de manera más eficiente. Por esta razón, se ha reducido el presupuesto de marketing y necesitamos encontrar soluciones más efectivas y económicas para llegar a los clientes.', 'Llevo 5 años en esta empresa, pero tengo 15 años de experiencia en finanzas en empresas multinacionales. Soy licenciado en Administración de Empresas y también cursé una Maestría Especializada en Finanzas Avanzadas.', 7);
insert into employee_info(id, name, profile_picture, job_title,hierarchical_level, initial_commitment_level, proposed_solution, scenario_diagnosis, background, fk_department_info_id) VALUES (18, 'Vicente Acosta', 'employee17.png', 'Auxiliar de Contabilidad', 3, 2, 'Propongo dar más descuentos en los productos para incrementar el volumen de las ventas y generar mas ingresos para cumplir con nuestras obligaciones de pago.', 'Las ventas están muy bajas y seguimos gastando igual. Las facturas siguen llegando y he escuchado que aún negociando términos favorables con los proveedores, tenemos serias deficiencias en el flujo de caja.', 'Tomé cursos de auxiliar contable y secretariado hace 16 años y desde entonces he trabajado en Casa Augusta.', 7);
insert into employee_info(id, name, profile_picture, job_title,hierarchical_level, initial_commitment_level, proposed_solution, scenario_diagnosis, background, fk_department_info_id) VALUES (19, 'Amanda López', 'employee18.png', 'Gerente de Presupuesto y Contabilidad', 2, 3, 'Una posibilidad es cerrar la tienda menos productiva y enfocarnos en hacer crecer las demás para reducir los gastos fijos.', 'Hemos hecho un gran esfuerzo para reducir los gastos, pero los costos fijos de operación son muy elevados. Además, no estamos alcanzando el volumen de ventas necesario para cubrir estos costos y los descuentos que hemos tenido que hacer han reducido aún más los márgenes de venta.', 'Soy CPA con licenciatura en contabilidad y especialización en presupuestación. He trabajado en Casa Augusta durante 4 años y anteriormente trabajé en una fábrica de alimentos durante 6 años como encargada de presupuesto.', 7);

-- operaciones
insert into employee_info(id, name, profile_picture, job_title,hierarchical_level, initial_commitment_level, proposed_solution, scenario_diagnosis, background, fk_department_info_id) VALUES (20, 'Steven Pérez', 'employee19.png', 'Director de Operaciones', 1, 1, 'Es necesario renegociar con los proveedores mejores precios. Los márgenes han disminuido por una pésima gestión en compras. Esta deficiencia nos obliga a fijar precios más altos y eso es lo que está ahuyentando a nuestros clientes. La solución es mejorar los precios para incrementar el volumen de la venta y posicionarnos nuevamente como las tiendas líderes en los mercados que atendemos.', 'En mi opinión, Ventas no está haciendo correctamente su trabajo. La Dirección está distraída realizando promociones y demostraciones dentro de las tiendas. Se han invertido muchos recursos – tiempo y dinero – en esta iniciativa y no se ha obtenido ningún resultado. Está claro que no entienden la clave del éxito en este negocio: comprar barato para vender a buen precio. La empresa ha sido exitosa con este modelo. A las personas les gusta ir a nuestras tiendas porque saben que encontrarán artículos de calidad, a buen precio y siempre tenemos lo que quieren en inventario.', 'Soy ingeniero y me especialicé en la gestión de cadenas de suministros. Llevo 15 años en la empresa y tengo 20 años de experiencia en gestión de inventarios. He sido responsable de asegurar que los clientes siempre encuentren los productos que necesitan en nuestras tiendas, lo que ha sido un logro inigualable en la industria.', 8);
insert into employee_info(id, name, profile_picture, job_title,hierarchical_level, initial_commitment_level, proposed_solution, scenario_diagnosis, background, fk_department_info_id) VALUES (21, 'Gabriel Molina', 'employee20.png', 'Gerente de Logística', 2, 2, 'Debemos diversificar los canales a través de los cuales llegamos a nuestros clientes. Si bien es cierto que algunos prefieren ir a nuestras tiendas físicas, no podemos ignorar a aquellos que prefieren comprar en línea. Es fundamental que adaptemos nuestra logística a los distintos canales para satisfacer a cada tipo de cliente.', 'En mi opinión, estamos operando bajo la percepción de que todos los clientes compran de la misma manera, lo que nos hace depender en gran medida de las ventas en tiendas físicas. Toda nuestra estructura logística se basa en este canal de venta, lo que limita nuestra capacidad de atender a aquellos clientes que prefieren comprar en línea.', 'Soy ingeniero industrial y cursé un MBA. Actualmente estoy realizando una especialización en gestión de la innovación. Tengo casi dos años trabajando en Casa Augusta.', 8);
insert into employee_info(id, name, profile_picture, job_title,hierarchical_level, initial_commitment_level, proposed_solution, scenario_diagnosis, background, fk_department_info_id) VALUES (22, 'Ingrid Valerio', 'employee21.png', 'Encargada de Almacenes e inventarios', 3,1, 'Sugiero realizar un estudio para identificar los productos que realmente quieren comprar nuestros clientes. El área de compras debe mejorar su identificación de tendencias y preferencias de compra para adaptar nuestro inventario a lo que demanda el mercado. Si mantenemos en stock los productos que la gente desea, mejoraremos nuestras ventas, reduciremos el riesgo de tener productos obsoletos y tendremos menos ventas con descuentos.', 'Actualmente, tenemos una baja rotación de inventario. Para obtener mejores precios, hemos comprado grandes volúmenes de productos, pero muchos de ellos se han vuelto obsoletos antes de llevarlos a las tiendas. Cuando finalmente logramos colocarlos en las estanterías, no hay clientes interesados en ellos, lo que resulta en ventas con descuentos significativos.', 'Soy ingeniero industrial y tengo un año trabajando como Encargado de Almacenes e Inventarios en Casa Augusta.', 8);

insert into game_case(id, name) VALUES (1, 'CASA AUGUSTA');

insert into game_case_info(id, title, content, fk_game_case_id) VALUES (1, 'Casa Augusta', '<p>Casa Augusta es una cadena de tiendas por departamentos especializada en ropa de diseño, productos de tecnología y artículos para el hogar. Fue fundada en 1958 en Guatemala por Don Pedro Augusta quien dirigió la empresa durante 30 años. Durante su presidencia se abrieron cuatro tiendas y la empresa se posicionó como líder en el mercado de las ventas al detalle en el país. Su hijo Santiago, graduado en ingeniería industrial, asumió la dirección en 1988. Bajo su liderazgo se modernizó la estructura organizativa y se crearon las funciones de operaciones, marketing y recursos humanos. Durante los siguientes años se abrieron dos tiendas más en Guatemala y se inició la expansión en El Salvador (1991) y Costa Rica (2005). </p> <p>En 2007, cuando la cadena estaba operando 8 tiendas (cinco en Guatemala, dos en El Salvador y una en Costa Rica), Santiago cedió la presidencia a su sucesor Gustavo, ingeniero de sistemas con especialización en logística y distribución. Gustavo había acumulado una gran experiencia en el negocio del retail luego de estar involucrado en las operaciones de la empresa desde los 14 años.  </p> <p>Consciente que las compras en volumen son claves para ofrecer precios competitivos y que las tecnologías de información son esenciales para gestionar eficientemente la logística y la distribución, Gustavo ha centrado sus esfuerzos durante la última década en la modernización de los sistemas de finanzas, ventas y aprovisionamiento. Durante su presidencia el número de tiendas aumentó hasta 14 y en su plan estratégico para los próximos 5 años contempla abrir 2 tiendas más en Costa Rica. </p> <p>Sin embargo, Gustavo ve con preocupación el futuro de la empresa pues durante los últimos 3 años las ventas o se han estancado o han disminuido consistentemente en varias las tiendas. El impacto más significativo ha sido en Guatemala donde están considerando cerrar una de las tiendas. Sería la primera vez que ocurre en la historia de Casa Augusta.  </p> <p>El futuro de Casa Augusta luce aún más incierto con la entrada de eBay, Amazon y Alibaba en América Latina. En efecto, eBay opera desde 2014 con una plataforma en español y portugués que permite a los compradores en América y el Caribe adquirir productos de los Estados Unidos y recibirlos a través de aeropost.com con quien ha firmado una alianza recientemente. Entretanto, la compañía de comercio electrónico Amazon lanzó oficialmente a mediados de 2015 su sitio amazon.com.mx. para ofrecer sus servicios en México. Así mismo, Alibaba, el gigante chino de comercio electrónico ha expandido durante los últimos años su presencia en Brasil, Argentina, Colombia, Chile, México y Perú. </p> <p>Los analistas de mercado describen estas compañías de comercio electrónico como ‘online retailers with deep pockets’ y anuncian que su llegada progresiva a los países de la Región creará grandes distorsiones en los mercados de retail tradicionales. Estos nuevos competidores, cien por ciento digitales, llegan con modelos de ventas online probados y exitosos basados en servicios de entrega rápida y precios bajos. </p>', 1);
insert into game_case_info(id, title, content, fk_game_case_id) VALUES (2, 'CAMBIOS EN LA INDUSTRIA DEL RETAIL', '<p>Todos los negocios dedicados a la venta de bienes y servicios a consumidores finales son parte de la industria de ventas al detalle o retail. La clasificación más generalizada de las empresas en esta industria las separa en tres tipos: tiendas por departamentos, tiendas especializadas y tiendas de descuentos.</p> <p>La industria del retail ha evolucionado significativamente pasando de procesos made-to-order (hecho contra demanda) a venta de productos ready-to-use (listo para usar). Los mayores impulsores de cambios en este rubro han sido los avances tecnológicos que transforman los paradigmas de producción y los cambios generacionales que afectan las preferencias y el poder adquisitivo de los consumidores. Un ejemplo clásico de un cambio substancial fue la revolución en la industria de la moda en la década de 1950. Los talleres de Alta Costura, que confeccionaban ropa hecha a la medida y con diseños exclusivos,  fueron desplazados por el prêt-à-porter. Esta tendencia tenía como objetivo llegar a un público más amplio, permitió industrializar la producción y hacer un uso más eficiente de los recursos económicos.</p> <p>El inicio de la era digital ha provocado cambios en los modelos de negocios de las empresas minoristas. Ha presentado oportunidades para incrementar el alcance en el mercado llegando a más personas a través de múltiples canales. Así mismo, el incremento de la bancarización ha permitido la diversificación de los métodos de pago.</p>', 1);
insert into game_case_info(id, title, content, fk_game_case_id) VALUES (3, 'EL FUTURO DE LA INDUSTRIA RETAIL', '<p>El Foro Económico Mundial ha indicado que la principal característica que marcará a la industria de ventas al detalle durante la próxima década es el mayor control que los compradores tendrán sobre los productos y servicios que consumirán, a la vez que dispondrán de una mayor variedad de opciones de compra y metodos de pago. Las compras al detalle se están convirtiendo así, a ritmo acelerado, en experiencias personalizadas, simples y convenientes. </p><p>En el reporte de “El Futuro del Retail” del Foro Económico Mundial  se mencionan 3 tendencias importantes a considerar para analizar el modelo de negocios de las empresas minoristas: </p> <p>1.  Clientes empoderados: Los clientes tomarán las decisiones de compra basados en los beneficios tangibles e intangibles que perciben al adquirir productos y servicios. Tradicionalmente, estos beneficios se evalúan utilizando tres dimensiones de referencia: costo, opción y conveniencia. Sin embargo, estas dimensiones han evolucionado y se han agregado dos más: control y experiencia.   Esto se traduce en una expectativa de mayor influencia. </p> <p>2.  Tecnologías disruptivas:  Se destacan 8 tecnologías disruptivas que modificaran la dinámica de la industria del reatail en los próximos 10 años. Estas son: </p> <p>a.  Internet of Things (IoT) </p> <p>b.  Vehículos autónomos (AV / drones) </p> <p>c.  Inteligencia Artificial (AI) / aprendizaje de la máquina </p> <p>d.  Robótica </p> <p>e.  Trazabilidad digital </p> <p>f.  Impresión 3D </p> <p>g.  Realidad aumentada (AR) / realidad virtual (VR) </p> <p>h.  Blockchain </p> <p>Para poder mantenerse relevantes en la nueva economía, las empresas de retail deben poder analizar 3 aspectos fundamentales de cada una de estas tecnologías: los beneficios del negocio, la preparación y el efecto transformacional.</p> <p>3. Modelos de negocios transformadores: actualmente ya se pueden observar modelos de negocios de retail que mezclan modelos online y offline. La expectativa es que la industria sufra una transición hacia un modelo que permita la expansión en el canal digital. Las tiendas físicas deberán evolucionar de ser un canal de distribución (modelo actual) a ser lugares que vendan historias y sean plataformas para generar compromiso y lealtad, experiencias diferenciadas e interacción con la marca.</p>', 1);
insert into game_case_info(id, title, content, fk_game_case_id) VALUES (4, 'NUEVOS MODELOS DE NEGOCIOS DE LAS EMPRESAS MINORISTAS', '<p>¿Es posible que las empresas minoristas actuales puedan adaptar su modelo de negocio a los nuevos imperativos de la industria del Retail para los próximos 10 años?</p> <p>¿Cuáles son las ventajas de las empresas que han “nacido digitales”?</p> <h5>Capacidades requeridas para triunfar:</h5> <p>Para poder evolucionar de acuerdo con las variaciones esperadas en el mercado, las empresas de retail deben desarrollar 3 capacidades: </p> <p>1. Mentalidad de Crear Alianzas: La forma tradicional de desarrollar capacidades para atender las necesidades de los consumidores es construir o comprar.  Un ejemplo es la construcción de un nuevo almacén para poder llegar a clientes en una zona determinada con mayor conveniencia y rápidez. Sin embargo, la alternativa que deben explorar las empresas de retail es formar alianzas; construir una cultura de colaboración dentro de la empresa y con otras empresas. Por ejemplo, Amazon se ha aliado con DHL no solo para la entrega de los productos hasta el domicilio, sino  para poder ofrecer a los consumidores la oportunidad de recoger los productos en las instalaciones de DHL y de esta forma reducir los costos de envío que es una de las barreras percibidas en las compras online.</p> <p>2.  Entrega de la última milla: Esta es la capacidad de proveer una solución innovadora en el punto de equilibrio óptimo entre costo, eficiencia y experiencia del cliente. La complejidad de esta característica se observa al entender que el punto óptimo entre los 3 factores mencionados puede variar para cada cliente.</p> <p>3. Ciencia de Datos Avanzada: El futuro de la industria del retail estará fundamentado en la recolección y uso de datos de los clientes. Hemos visto que muchas empresas de retail se han lanzado a recolectar datos de los clientes. El reto será encontrar formas eficientes para determinar qué es relevante y utilizarlo para apoyar y sistematizar el proceso de toma de decisiones. Los dos obstáculos para que las empresas puedan desarrollar la capacidad de utilizar ciencia de datos son el costo de formar una organización insights-driven y una deficiencia en el mercado de científicos de datos y talento humano para crear los modelos analíticos.</p> <p>¿Cómo pueden las empresas desarrollar estas capacidades?</p> <p>¿Cuál es el costo de hacerlo? ¿Cuál es el costo de no hacerlo?</p>', 1);
insert into game_case_info(id, title, content, fk_game_case_id) VALUES (5, 'LA INDUSTRIA DEL RETAIL EN AMERICA CENTRAL', '<p>Es una región compuesta por 6 países con economías muy heterogéneas tanto en la producción y distribución de riquezas como en los patrones de consumo, poder adquisitivo y medios de consumo y pago.</p> <p>En Guatemala existen aproximadamente 140 establecimientos de tiendas por departamentos. Actualmente, hay un total de 11,000 empleados en la industria. Se espera que en el próximo año cierren 15 establecimientos. Aunque actualmente el porcentaje de ingresos de minoristas por ventas online es mínimo, aproximadamente 2%, la expectativa es que la industria del retail se apoye el mercado de comercio electrónico y  que este canal crezca un 35% anual durante la próxima década. Se han verificado exitosas iniciativas de e-commerce como MercadoLibre, Ebay, etc. </p> <p>Recientemente, han entrado al mercado compañías como Uber y Airbnb que  han logrado cultivar las capacidades requeridas para tener éxito en las condiciones de mercado actuales y futuras con modelos de negocios digitales basados en alianzas y en mercados con clientes a ambos lados de la cadena de valor (clientes-proveedores y clientes-consumidores). Han logrado diseñar modelos adaptados al 60% de los clientes de comercio electrónico de la región que están entre los 18 y 34 años. </p> <p>En Centroamérica, la logística de transporte puede estar entre el 20% y 60% de los precios de los bienes entregados. El transporte en la región es complejo ya que la infraestructura vial es ineficiente en el cumplimiento de las necesidades de comercio nacional e internacional. En algunos países de la región, el porcentaje de carreteras pavimentadas se sitúa entre 15% y 22%.</p> <p> En los últimos 4 meses, las empresas minoristas de la región han tenido que cerrar el 20% de sus establecimientos y se espera que esta tendencia continúe en los próximos 5 años. Es un fenómeno similar al observado en mercados más grandes, como Estados Unidos, en los que se han cerrado – y continúan cerrándose – cientos de tiendas por departamentos. Estas decisiones de clausuras se fundamentan en la necesidad de encontrar alternativas a un modelo de negocio que va en declive.</p>', 1);
insert into game_case_info(id, title, content, fk_game_case_id) VALUES (6, 'Anexos', '<img src="../assets/img/employees/orgchart.jpg" alt="Anexo">', 1);

--Update--
UPDATE tactic_score SET negative = -4 WHERE negative > 0;